Iteration,Alpha,MSE
1,0.01,0.0247527733601065
2,0.001,0.008922910336951834
3,0.0001,0.006251188279725794
4,1e-05,0.006250671861783635
5,1e-06,0.0062624183788275965
