Iteration,Alpha,MSE
1,0.01,0.03654247880600507
2,0.001,0.010627288871230512
3,0.0001,0.006458737714648545
4,1e-05,0.006240324808985065
5,1e-06,0.0062611037236778135
