Iteration,Alpha,MSE
1,0.01,0.031704750398895754
2,0.001,0.01042956200834075
3,0.0001,0.005425329960428212
4,1e-05,0.005098180158555444
5,1e-06,0.005314185294472573
